[
    {
    "name": "aditya",
    "age" : 23,
    "email": "abc@gamil.com"

    },

    {
        "name": "aditya",
        "age" : 23,
        "email": "abc@gamil.com"
    },

    {
        "name": "aditya",
        "age" : 23,
        "email": "abc@gamil.com"
    },

    {
        "name": "aditya",
        "age" : 23,
        "email": "abc@gamil.com"
    },

    {
        "name": "aditya",
        "age" : 23,
        "email": "abc@gamil.com"
    },

    {
        "name": "aditya",
        "age" : 23,
        "email": "abc@gamil.com"
    },

    {
        "name": "aditya",
        "age" : 23,
        "email": "abc@gamil.com"
    }
]